8879-ZKJOF,No
0201-MIBOL,Yes
1600-DILPE,No
8601-QACRS,No
7919-ZODZZ,No
7964-ZRKKG,No
1357-BIJKI,No
8720-RQSBJ,Yes
4682-BLBUC,No
8930-XOTDP,No
0111-KLBQG,Yes
2898-MRKPI,No
6168-WFVVF,Yes
0178-SZBHO,No
5469-NUJUR,No
4836-WNFNO,No
0064-YIJGF,Yes
7682-AZNDK,No
5153-RTHKF,No
5973-EJGDP,No
5868-YTYKS,No
8623-TMRBY,Yes
4163-KIUHY,No
6993-YCOBK,No
2040-XBAVJ,No
9470-RTWDV,No
3197-NNYNB,No
7817-OMJNA,No
6131-IUNXN,No
7803-XOCCZ,No
6402-ZFPPI,Yes
3468-DRVQJ,No
1834-ABKHQ,No
9445-ZUEQE,No
7274-CGTOD,No
0362-ZBZWJ,Yes
1984-GPTEH,No
4559-UWIHT,Yes
9944-AEXBM,Yes
3733-ZEECP,No
9814-AOUDH,No
0019-GFNTW,No
3488-PGMQJ,Yes
1342-JPNKI,Yes
2897-DOVND,Yes
3316-UWXUY,No
9209-NWPGU,No
8699-ASUFO,Yes
0187-WZNAB,No
3006-XIMLN,Yes
1894-IGFSG,No
4597-ELFTS,No
2233-FAGXV,No
0266-GMEAO,No
0880-TKATG,Yes
3990-QYKBE,Yes
8456-QDAVC,No
5186-EJEGL,No
3689-MOZGR,No
7698-YFGEZ,No
8469-SNFFH,No
6901-GOGZG,No
1853-UDXBW,Yes
9274-CNFMO,Yes
1784-EZDKJ,No
0032-PGELS,No
2451-YMUXS,No
3130-ICDUP,No
8746-BFOAJ,No
1450-SKCVI,No
0023-HGHWL,Yes
1921-KYSAY,No
5600-PDUJF,No
5060-TQUQN,No
4355-CVPVS,No
9614-RMGHA,No
4193-IBKSW,No
8096-LOIST,No
0471-ARVMX,Yes
5555-RNPGT,No
3635-JBPSG,No
6127-IYJOZ,Yes
3486-HOOGQ,No
7228-PAQPD,No
0689-DSXGL,No
9540-JYROE,No
5120-ZBLAI,No
6538-POCHL,No
0732-OCQOC,No
0491-KAPQG,Yes
4143-OOBWZ,Yes
0848-ZGQIJ,No
2933-XEUJM,No
5310-NOOVA,No
0374-FIUCA,No
7994-UYIVZ,Yes
4804-NCPET,No
0562-FGDCR,No
0428-IKYCP,No
6496-JDSSB,No
4710-FDUIZ,No
6946-LMSQS,Yes
5293-WXJAK,Yes
2520-SGTTA,No
6692-YQHXC,No
9571-EDEBV,No
8350-NYMVI,No
7746-AWNQW,No
5382-TEMLV,No
9052-VKDUW,Yes
8152-VETUR,No
2181-TIDSV,No
9365-CSLBQ,No
9708-KFDBY,No
7349-ALMUX,No
9730-DRTMJ,No
4072-IPYLT,No
1930-QPBVZ,No
6313-GIDIT,Yes
0455-XFASS,Yes
9351-LZYGF,No
4566-QVRRW,No
9253-QXKBE,Yes
0921-OHLVP,Yes
5286-YHCVC,No
8738-JOKAR,No
4827-USJHP,No
5647-FXOTP,Yes
9103-CXVOK,No
7526-BEZQB,Yes
9769-TSBZE,No
6410-LEFEN,No
1564-HJUVY,No
4114-QMKVN,No
8591-NXRCV,No
5440-VHLUL,No
9359-UGBTK,No
6184-DYUOB,No
9640-ZSLDC,No
5302-BDJNT,No
4911-BANWH,No
3719-TDVQB,No
4086-YQSNZ,Yes
9906-NHHVC,No
8584-KMVXD,No
0650-BWOZN,Yes
1248-DYXUB,No
9003-CPATH,No
2202-OUTMO,No
2266-SJNAT,No
3167-SNQPL,Yes
4514-GFCFI,Yes
3055-OYMSE,Yes
3768-VHXQO,No
4614-NUVZD,Yes
9448-REEVD,No
9411-TPQQV,No
3757-NJYBX,Yes
6377-WHAOX,Yes
7912-SYRQT,Yes
2057-BOYKM,No
4349-GFQHK,No
6907-FLBER,No
2239-CGBUZ,No
3746-EUBYR,Yes
7167-PCEYD,No
2316-ESMLS,No
1309-BXVOQ,Yes
0254-WWRKD,No
6034-ZRYCV,No
7932-WPTDS,Yes
1982-FEBTD,No
6390-DSAZX,No
7966-YOTQW,No
7137-NAXML,No
0927-CNGRH,No
0867-MKZVY,No
5883-GTGVD,Yes
1319-YLZJG,No
3259-FDWOY,No
4707-MAXGU,No
0407-BDJKB,Yes
8681-ICONS,No
4323-ELYYB,No
2680-XKKNJ,No
9102-OXKFY,No
1565-RHDJD,No
5959-BELXA,Yes
8033-VCZGH,No
7956-XQWGU,No
2754-XBHTB,No
4548-SDBKE,Yes
7148-XZPHA,No
8878-HMWBV,No
6331-EWIEB,Yes
6928-ONTRW,No
5233-GEEAX,Yes
4425-OWHWB,No
5384-ZTTWP,No
2983-ZANRP,No
1205-WNWPJ,No
5197-PYEPU,No
3662-FXJFO,No
9581-GVBXT,No
6166-ILMNY,No
4291-HPAXL,No
7777-UNYHB,No
5908-QMGOE,Yes
5848-FHRFC,No
4698-KVLLG,No
3307-TLCUD,No
2256-YLYLP,No
3120-FAZKD,No
1915-OAKWD,No
3704-IEAXF,No
7277-KAMWT,No
5780-INQIK,No
0397-ZXWQF,No
8626-PTQGE,No
6145-NNPNO,No
8212-DJRCH,No
6625-UTXEW,No
5119-NZPTV,Yes
8180-AKMJV,No
1627-AFWVJ,No
0637-YLETY,No
9637-CDTKZ,No
4983-CLMLV,No
2862-PFNIK,Yes
8218-FFJDS,No
4603-JANFB,Yes
1089-HDMKP,No
1335-NTIUC,Yes
5977-CKHON,No
4713-ZBURT,No
9424-CMPOG,No
5135-GRQJV,No
8490-BXHEO,Yes
1818-ESQMW,No
7217-JYHOQ,No
4000-VGMQP,No
1171-TYKUR,No
6726-WEXXK,Yes
0811-GSDTP,No
7346-MEDWM,No
6502-KUGLL,No
1320-REHCS,Yes
6258-PVZWJ,No
2103-ZRXFN,No
5057-RKGLH,No
9753-OYLBX,No
9788-YTFGE,No
9500-IWPXQ,No
1518-VOWAV,No
2368-GAKKQ,No
4945-RVMTE,No
2753-JMMCV,No
8219-VYBVI,No
4524-QCSSM,No
0322-YINQP,No
2749-CTKAJ,No
3451-VAWLI,No
0871-OPBXW,No
0967-BMLBD,No
4826-XTSOH,Yes
3870-SPZSI,No
2189-WWOEW,No
7330-WZLNC,Yes
2272-UOINI,No
5858-EAFCZ,No
2672-OJQZP,No
5666-MBJPT,No
6427-FEFIG,No
5829-NVSQN,No
1641-RQDAY,Yes
0623-IIHUG,Yes
3424-NMNBO,Yes
4795-WRNVT,No
9837-FWLCH,No
0076-LVEPS,No
2789-HQBOU,Yes
7615-ESMYF,Yes
4070-OKWVH,No
9494-BDNNC,No
5734-EJKXG,No
4625-XMOYM,No
5386-THSLQ,No
6979-TNDEU,No
9639-BUJXT,No
1987-AUELQ,No
3604-WLABM,No
4767-HZZHQ,No
3082-WQRVY,No
2789-CZANW,No
0219-QAERP,No
4256-ZWTZI,No
1159-WFSGR,No
2801-NISEI,No
8974-OVACP,No
1689-MRZQR,No
3071-VBYPO,No
8800-ZKRFW,No
8063-GBATB,Yes
1265-XTECC,No
3396-DKDEL,No
1100-DDVRV,No
4670-TABXH,No
8690-ZVLCL,No
2834-JRTUA,No
1573-LGXBA,No
7033-CLAMM,No
7718-UPSKJ,No
7061-OVMIM,No
9747-DDZOS,No
0511-JTEOY,No
0804-YGEQV,No
7130-CTCUS,No
6447-EGDIV,No
2419-FSORS,No
5197-YPYBZ,No
1032-MAELW,No
9734-UYXQI,No
4329-YPDDQ,No
0875-CABNR,Yes
1337-BOZWO,No
2369-UAPKZ,No
5419-JPRRN,Yes
8540-ZQGEA,No
2135-RXIHG,No
0564-JJHGS,Yes
4023-RTIQM,No
6038-GCYEC,No
3737-XBQDD,No
9281-CEDRU,No
3721-CNEYS,Yes
1777-JYQPJ,No
6980-CDGFC,No
3096-GKWEB,Yes
7598-UAASY,No
5172-RKOCB,No
5349-AZPEW,No
1845-ZLLIG,No
3489-VSFRD,No
6959-UWKHF,No
8802-UNOJF,No
2799-ARNLO,Yes
5965-GGPRW,No
9323-HGFWY,No
8010-EZLOU,Yes
6922-NCEDI,No
2080-CAZNM,Yes
4128-ETESU,Yes
7599-FKVXZ,No
6741-EGCBI,Yes
2040-LDIWQ,No
1379-FRVEB,No
7173-TETGO,No
2737-WFVYW,Yes
2344-JMOGN,No
7975-TZMLR,No
2428-ZMCTB,No
9600-NAXZN,Yes
6581-NQCBA,Yes
1582-RAFML,No
5811-IWXYM,No
4674-HGNUA,No
0295-PPHDO,Yes
3374-TTZTK,No
5389-FFVKB,Yes
9880-TDQAC,No
9752-ZNQUT,No
1051-GEJLJ,No
8003-EWNDZ,No
2226-ICFDO,No
9499-XPZXM,No
6080-TCMYC,Yes
3128-YOVTD,No
9139-TWBAS,No
0112-QWPNC,No
6347-DCUIK,No
1867-BDVFH,Yes
4445-KWOKW,No
2974-GGUXS,Yes
4312-KFRXN,No
8168-UQWWF,Yes
3858-VOBET,Yes
7623-HKYRK,No
7180-PISOG,Yes
4983-CCWMC,No
9050-IKDZA,Yes
0295-QVKPB,No
2592-SEIFQ,No
4137-BTIKL,No
6752-APNJL,No
0168-XZKBB,Yes
4686-UXDML,No
0668-OGMHD,No
7581-EBBOU,No
7018-WBJNK,No
4039-PIMHX,No
7740-KKCXF,No
9651-GTSAQ,No
2108-YKQTY,No
9555-SAHUZ,No
8006-PYCSW,No
8775-ERLNB,Yes
5915-DGNVC,No
1910-FMXJM,No
4990-ALDGW,No
6339-DKLMK,No
5219-YIPTK,Yes
5393-HJZSM,No
5136-GFPMB,No
0479-HMSWA,No
9722-UJOJR,Yes
9962-BFPDU,No
5186-PEIZU,No
8718-PTMEZ,No
0128-MKWSG,No
1722-LDZJS,No
3217-FZDMN,Yes
2542-HYGIQ,No
5693-PIPCS,No
2165-VOEGB,No
3800-LYTRK,No
6080-LNESI,No
0584-BJQGZ,No
3948-KXDUF,No
5125-CNDSP,No
6595-COKXZ,No
3160-TYXLT,No
1396-QWFBJ,No
6285-FTQBF,No
8048-DSDFQ,No
2211-RMNHO,No
8318-LCNBW,No
6475-VHUIZ,No
4844-JJWUY,Yes
0667-NSRGI,No
3694-DELSO,No
0607-MVMGC,No
8498-XXGWA,No
1116-FRYVH,No
7706-YLMQA,No
1942-OQFRW,No
8944-AILEF,No
0254-KCJGT,No
3933-DQPWX,No
7548-SEPYI,Yes
7519-JTWQH,No
9136-ALYBR,No
3721-CNZHX,No
2203-GHNWN,No
9846-GKXAS,Yes
8207-DMRVL,No
6557-BZXLQ,Yes
4081-DYXAV,No
8677-HDZEE,No
0661-XEYAN,Yes
4807-IZYOZ,No
2054-PJOCK,No
9705-IOVQQ,Yes
3178-CIFOT,No
2085-BOJKI,No
8295-KMENE,No
4450-DLLMH,No
4137-JOPHL,No
8165-ZJRNM,No
5626-MGTUK,No
2205-YMZZJ,Yes
4075-JFPGR,No
6625-FLENO,No
0052-YNYOT,No
8468-FZTOE,No
6635-CPNUN,No
7470-DYNOE,No
5906-DVAPM,No
0757-WCUUZ,No
4304-TSPVK,No
3071-MVJCD,No
8450-UYIBU,Yes
5307-DZCVC,Yes
1934-MKPXS,No
7401-JIXNM,No
6339-TBELP,No
6969-MVBAI,Yes
9560-BBZXK,No
5377-NDTOU,No
0336-PIKEI,No
5543-QDCRY,No
1468-DEFNC,No
9503-XJUME,No
5578-NKCXI,No
4092-OFQZS,No
3635-QQRQD,No
3570-YUEKJ,No
8562-GHPPI,No
0887-WBJVH,No
7683-CBDKJ,No
4307-KTUMW,No
3873-NFTGI,No
8402-EIVQS,No
6705-LXORM,Yes
6407-UTSLV,Yes
5183-KLYEM,No
0623-GDISB,No
3544-FBCAS,No
8257-RZAHR,No
3640-JQGJG,No
1845-CSBRZ,Yes
1254-IZEYF,Yes
2235-EZAIK,No
2372-HWUHI,No
4422-QVIJA,No
0191-EQUUH,No
3097-IDVPU,No
1543-LLLFT,No
2150-UWTFY,No
3308-MHOOC,No
7094-MSZAO,No
9912-GVSEQ,Yes
0218-QNVAS,No
9473-CBZOP,No
4915-BFSXL,No
1402-PTHGN,No
5244-IRFIH,Yes
4317-VTEOA,No
6383-ZTSIW,No
4378-BZYFP,No
7663-CUXZB,No
9592-ERDKV,No
9026-LHEVG,No
1429-UYJSV,No
9589-ABEPT,No
2277-VWCNI,No
0475-RIJEP,No
7641-TQFHN,No
4701-AHWMW,No
8945-MUQUF,No
6407-GSJNL,No
5032-MIYKT,No
5886-VLQVU,No
4892-VLANZ,No
9828-AOQLM,No
6994-KERXL,No
7826-VVKWT,Yes
8444-WRIDW,Yes
5542-TBBWB,Yes
6198-PNNSZ,No
4360-QRAVE,Yes
8265-HKSOW,No
6616-AALSR,No
7129-AZJDE,No
7449-HVPIV,No
1349-WXNGG,No
0040-HALCW,No
8905-IAZPF,No
8809-XKHMD,No
2664-XJZNO,No
4664-NJCMS,No
8231-BSWXX,No
9692-TUSXH,No
0141-YEAYS,Yes
3540-RZJYU,No
6425-YQLLO,Yes
8436-BJUMM,Yes
6158-DWPZT,No
9330-VOFSZ,No
1866-NXPSP,No
8053-WWDRO,No
4683-WYDOU,No
4316-XCSLJ,No
9053-JZFKV,No
1853-ARAAQ,No
2640-PMGFL,No
7096-ZNBZI,No
6743-HHQPF,No
0730-KOAVE,No
4946-EDSEW,No
8670-ERCJH,No
1360-JYXKQ,Yes
6857-TKDJV,No
3043-SUDUA,No
5960-WPXQM,Yes
9944-HKVVB,Yes
6625-IUTTT,No
7139-JZFVG,No
6077-BDPXA,Yes
1047-RNXZV,No
7831-QGOXH,Yes
1561-BWHIN,No
9986-BONCE,No
7644-OMVMY,No
2773-OVBPK,No
2108-XWMPY,No
5117-IFGPS,Yes
5399-ZIMKF,No
9477-LGWQI,No
2887-JPYLU,No
9734-YWGEX,No
6847-KJLTS,Yes
9115-YQHGA,No
2465-BLLEU,No
4718-WXBGI,No
6663-JOCQO,No
8464-EETCQ,No
5366-IJEQJ,Yes
5522-NYKPB,No
6173-ITPWD,No
0774-RMNUW,No
6870-ZWMNX,No
6439-GTPCA,No
6330-JKLPC,Yes
9129-UXERG,Yes
8819-WFGGJ,No
1784-BXEFA,No
8672-OAUPW,No
2811-POVEX,Yes
4973-RLZVI,No
4223-BKEOR,No
1622-HSHSF,No
2079-FBMZK,No
7277-OZCGZ,No
1678-FYZOW,Yes
7794-JASDG,No
4578-PHJYZ,No
1810-BOHSY,No
4608-LCIMN,No
9938-ZREHM,No
6778-EICRF,No
9313-QOLTZ,No
4338-EYCER,No
5673-FSSMF,Yes
3384-CTMSF,Yes
4544-RXFMG,No
2626-VEEWG,No
3938-YFPXD,No
0924-BJCRC,Yes
2207-QPJED,Yes
6195-MELTI,No
8845-LWKGE,No
9054-FOWNV,Yes
2959-EEXWB,No
9732-OUYRN,No
8178-EYZUO,No
5181-OABFK,No
8294-UIMBA,No
3099-OONVS,No
2697-NQBPF,No
4484-GLZOU,Yes
7181-OQCUT,No
8631-NBHFZ,No
6633-MPWBS,No
2817-NTQDO,No
2418-TPEUN,No
3956-MGXOG,Yes
9231-ZJYAM,Yes
6483-OATDN,No
7048-GXDAY,No
8747-UDCOI,No
6233-HXJMX,No
3545-CNWRG,Yes
4910-GMJOT,Yes
4526-EXKKN,No
5393-RXQSZ,No
4160-AMJTL,No
9830-ECLEN,No
5067-WJEUN,No
1839-UMACK,No
4140-MUHUG,Yes
9392-XBGTD,No
0074-HDKDG,No
8314-HTWVE,No
7005-CCBKV,Yes
9488-FYQAU,No
7452-FOLON,No
2480-JZOSN,No
2017-CCBLH,No
0572-ZJKLT,No
5168-MSWXT,Yes
3978-YNKDD,No
1628-BIZYP,Yes
2160-GPFXD,No
0523-VNGTF,Yes
6362-QHAFM,No
3340-QBBFM,No
7394-LWLYN,Yes
5696-QURRL,No
8200-KLNYW,No
1686-STUHN,No
2533-TIBIX,No
5143-EGQFK,Yes
8496-DMZUK,No
0178-CIIKR,No
7776-QWNFX,Yes
8824-RWFXJ,No
3097-NQYSN,Yes
8563-OYMQY,No
6048-QBXKL,Yes
6244-BESBM,No
6976-BWGLQ,No
4584-LBNMK,No
1449-XQEMT,No
6135-OZQVA,No
7279-NMVJC,No
0841-NULXI,Yes
0899-LIIBW,Yes
2284-VFLKH,No
6078-VESFR,Yes
0439-IFYUN,Yes
8510-BBWMU,No
6696-YDAYZ,No
3785-KTYSH,No
4786-UKSNZ,No
6481-LXPWL,No
7563-BIUPC,Yes
1293-BSEUN,No
3200-MNQTF,No
1728-CXQBE,Yes
5832-XKAES,No
0973-KYVNF,No
2717-HVIZY,No
3951-NJCVI,Yes
7878-RTCZG,No
1099-GODLO,No
2691-NZETQ,Yes
7526-IVLYU,No
7036-ZZKBD,No
3957-SQXML,No
6997-UVGOX,No
5996-NRVXR,No
9714-EDSUC,No
4323-OHFOW,Yes
5148-HKFIR,No
3845-JHAMY,Yes
5380-AFSSK,No
0795-XCCTE,No
1064-FBXNK,No
4999-IEZLT,No
5306-BVTKJ,No
2398-YPMUR,Yes
3272-VUHPV,No
5396-IZEPB,No
0784-GTUUK,No
6899-PPEEA,Yes
3191-CSNMG,Yes
1970-KKFWL,No
2018-PZKMU,No
2277-DJJDL,Yes
2202-CUYXZ,Yes
1796-JANOW,No
9938-TKDGL,No
7925-PNRGI,No
8474-UMLNT,No
8043-PNYSD,No
0401-WDBXM,No
3720-DBRWL,No
1095-JUDTC,Yes
1353-LJWEM,No
0848-SOMKO,No
4759-PXTAN,No
1576-PFZIW,No
4598-XLKNJ,Yes
1178-PZGAB,No
9508-ILZDG,Yes
1833-VGRUM,Yes
6479-OAUSD,No
8221-EQDGL,No
9233-PSYHO,Yes
2957-LOLHO,No
3301-LSLWQ,No
4104-PVRPS,No
5666-CYCYZ,No
4770-QAZXN,No
0945-TSONX,No
8663-UPDGF,No
9661-JALZV,No
5937-EORGB,Yes
2433-KMEAS,No
7876-DNYAP,No
7881-EVUAD,No
9953-ZMKSM,No
6351-SCJKT,No
5453-YBTWV,No
4115-BNPJY,No
8922-LIEGH,Yes
0788-DXBFY,No
9522-ZSINC,No
5054-IEXZT,No
3898-GUYTS,No
7145-FEJWU,No
5931-FLJJF,Yes
4350-ZTLPI,No
1135-LMECX,No
1063-DHQJF,No
4430-UZIPO,No
9968-FFVVH,No
7206-PQBBZ,Yes
7537-RBWEA,No
2019-HDCZY,No
8884-FEEWR,No
6988-CJEYV,No
4480-QQRHC,Yes
6698-OXETB,No
5248-YGIJN,No
6122-LJADA,No
3496-LFSZU,No
8120-JDCAM,No
1167-OYZJF,No
6818-DJXAA,No
6502-MJQAE,Yes
2075-PUEPR,No
2650-GYRYL,No
4342-HFXWS,No
9871-ELEYA,No
0269-XFESX,No
8512-WIWYV,No
9625-QSTYE,No
2669-QVCRG,No
8182-PNAGI,No
9236-NDUCW,No
0310-SUCIN,No
6933-VLYFX,No
5716-LIBJC,No
7771-CFQRQ,No
2737-YNGYW,No
5600-KTXFM,No
8098-LLAZX,Yes
7901-HXJVA,No
8809-RIHDD,No
9298-WGMRW,No
8878-RYUKI,No
2338-BQEZT,No
5533-NHFRF,Yes
2499-AJYUA,No
7739-LAXOG,Yes
6060-QBMGV,No
1779-PWPMG,No
0089-IIQKO,No
8763-KIAFH,No
8782-NUUOL,No
8932-CZHRQ,No
3278-FSIXX,No
2560-QTSBS,No
9214-EKVXR,No
0533-BNWKF,Yes
4080-OGPJL,No
4727-MCYZG,No
5018-GWURO,Yes
3472-OAOOR,No
8628-MFKAX,No
4803-LBYPN,No
5567-GZKQY,No
2984-TBYKU,No
6338-AVWCY,No
9061-TIHDA,Yes
2777-PHDEI,No
8659-HDIYE,No
7156-MHUGY,Yes
4667-QONEA,No
9537-VHDTA,No
4931-TRZWN,No
0067-DKWBL,Yes
6585-WCEWR,No
7056-IMHCC,Yes
1814-DKOLC,No
7874-ECPQJ,No
0214-JHPFW,No
9602-WCXPI,No
9261-WDCAF,No
7975-JMZNT,No
6418-PIQSP,No
1299-AURJA,No
6900-RBKER,No
8023-QHAIO,Yes
8565-HBFNN,No
0289-IVARM,No
3887-PBQAO,No
3765-JXVKY,No
7105-BENQF,No
3030-ZKIWL,No
5791-KAJFD,No
1038-RQOST,No
9308-ANMVE,No
3096-WPXBT,No
5934-RMPOV,Yes
1213-NGCUN,No
3457-PQBYH,No
6620-HVDUJ,No
9637-EIHEQ,No
9057-SIHCH,Yes
0970-ETWGE,Yes
8208-EUMTE,No
4950-BDEUX,No
8414-MYSHR,Yes
4633-MKHYU,No
0361-HJRDX,No
9170-CCKOU,No
1282-IHQAC,No
4080-IIARD,No
7569-NMZYQ,No
8552-OBVRU,Yes
8285-ABVLB,No
4869-EPIUS,No
4859-ZSRDZ,No
3729-OWRVL,No
6994-FGRHH,No
9786-IJYDL,No
4581-SSPWD,Yes
6304-IJFSQ,No
3623-FQBOX,No
0993-OSGPT,No
3665-JATSN,Yes
7660-HDPJV,Yes
6797-UCJHZ,No
2080-GKCWQ,No
6765-MBQNU,No
0960-HUWBM,No
9848-JQJTX,No
8111-SLLHI,Yes
9919-KNPOO,Yes
2260-USTRB,Yes
9919-FZDED,No
5301-GAUUY,No
8041-TMEID,No
8182-BJDSI,Yes
2904-GGUAZ,No
4102-OQUPX,Yes
3209-ZPKFI,No
1241-FPMOF,No
3376-BMGFE,No
9909-IDLEK,No
5081-NWSUP,No
6161-UUUTA,Yes
2506-CLAKW,No
8008-OTEZX,No
1575-KRZZE,No
1731-TVIUK,No
7421-ZLUPA,No
3714-NTNFO,Yes
4700-UBQMV,No
1226-IENZN,Yes
3050-RLLXC,No
7310-EGVHZ,No
3522-CDKHF,No
8189-DUKMV,No
7184-LRUUR,No
7008-LZVOZ,No
2096-XOTMO,No
1136-XGEQU,No
0655-RBDUG,Yes
0621-CXBKL,No
5748-RNCJT,No
8749-CLJXC,No
1963-SVUCV,No
4226-KKDON,No
1696-HXOWK,No
8109-YUOHE,No
2660-EMUBI,Yes
1077-HUUJM,No
0820-FNRNX,No
8454-AATJP,No
7112-OPOTK,No
0003-MKNFE,No
6702-OHFWR,Yes
2995-UPRYS,No
1626-ERCMM,Yes
2706-QZIHY,No
5016-ETTFF,No
6712-OAWRH,Yes
7129-CAKJW,No
4919-MOAVT,No
0536-BGFMZ,No
6122-EFVKN,No
3301-VKTGC,No
4024-CSNBY,No
5010-IPEAQ,No
4656-CAURT,No
0853-NWIFK,No
1741-WTPON,No
8344-WFMFH,No
9504-YAZWB,No
3251-YMVWZ,No
3936-QQFLL,No
0311-QYWSS,No
7113-HIPFI,No
8104-OSKWT,No
8591-TKMZH,No
4884-TVUQF,No
7878-JGDKK,No
8821-XNHVZ,No
0701-TJSEF,No
8571-ZCMCX,No
2908-WGAXL,No
2732-ISEZX,No
5832-EXGTT,No
2498-XLDZR,No
5955-ERIHD,Yes
3429-IFLEM,No
5747-PMBSQ,No
6974-DAFLI,No
2267-FPIMA,No
7694-VLBWQ,No
0515-YPMCW,No
6619-RPLQZ,No
4077-CROMM,No
0956-SYCWG,No
3914-FDRHP,No
6719-OXYBR,No
6202-DYYFX,No
1849-RJYIG,No
1810-MVMAI,No
2026-TGDHM,Yes
2929-QNSRW,No
3129-AAQOU,No
9498-FIMXL,No
7861-UVUFT,Yes
0196-JTUQI,No
3399-BMLVW,No
2190-PHBHR,No
9873-MNDKV,No
0823-HSCDJ,Yes
1215-VFYVK,No
7402-PWYJJ,No
4111-BNXIF,No
8042-JVNFH,No
4971-PUYQO,No
0480-BIXDE,Yes
9643-YBLUR,No
7246-ZGQDF,No
5951-AOFIH,No
6210-KBBPI,Yes
3165-HDOEW,No
0727-BMPLR,Yes
7663-RGWBC,No
3389-KTRXV,No
5167-ZFFMM,No
7321-ZNSLA,No
4724-WXVWF,No
4536-PLEQY,No
5482-VXSXJ,No
4547-KQRTM,No
1567-DSCIC,No
9975-GPKZU,No
5204-QZXPU,Yes
6120-RJKLU,No
3768-NLUBH,Yes
6821-BUXUX,No
4622-YNKIJ,No
9281-OFDMF,Yes
9853-JFZDU,No
0909-SELIE,No
3349-ANQNH,Yes
2956-GGUCQ,Yes
1222-KJNZD,No
5702-SKUOB,No
1536-HBSWP,No
9916-AYHTC,No
3794-NFNCH,No
2362-IBOOY,Yes
5681-LLOEI,No
4118-CEVPF,No
7636-PEPNS,No
7758-UJWYS,No
3410-YOQBQ,No
3428-XZMAZ,Yes
0017-IUDMW,No
4238-JSSWH,Yes
5708-EVONK,No
5161-UBZXI,No
2229-VWQJH,No
9504-DSHWM,No
4039-HEUNW,Yes
0135-NMXAP,No
0196-VULGZ,Yes
3712-PKXZA,No
7632-MNYOY,No
8087-LGYHQ,Yes
4282-ACRXS,Yes
0988-AADSA,No
9481-SFCQY,No
8417-FMLZI,No
4693-VWVBO,No
8812-ZRHFP,No
2724-FJDYW,No
5628-FCGYG,Yes
2916-BQZLN,No
6992-TKNYO,No
9277-JOOMO,No
7297-DVYGA,No
5196-SGOAK,No
5140-FOMCQ,No
3078-ZKNTS,No
8413-VONUO,No
2874-YXVVA,No
5339-PXDVH,No
8380-MQINP,No
1680-VDCWW,No
6705-LNMDD,No
7551-JOHTI,No
6048-UWKAL,No
8406-LNMHF,No
5993-BQHEA,No
2504-DSHIH,Yes
6772-KSATR,No
3063-QFSZL,No
0611-DFXKO,No
1689-YQBYY,Yes
0114-RSRRW,No
4116-IQRFR,No
7161-DFHUF,No
0795-GMVQO,No
7593-XFKDI,No
0940-OUQEC,No
2239-CFOUJ,No
1163-VIPRI,No
6980-IMXXE,No
2180-DXNEG,Yes
6168-YBYNP,No
9585-KKMFD,No
8884-ADFVN,Yes
1907-UBQFC,Yes
8450-LUGUK,No
8993-PHFWD,No
3170-NMYVV,No
0354-WYROK,Yes
0839-JTCUD,No
4707-YNOQA,No
4365-MSDYN,No
3009-JWMPU,No
0674-DGMAQ,Yes
6242-MBHPK,Yes
6248-BSHKG,No
1041-RXHRA,No
6469-MRVET,No
4695-VADHF,No
8224-DWCKX,Yes
2237-ZFSMY,No
3500-RMZLT,No
3181-MIZBN,No
8309-IEYJD,Yes
0354-VXMJC,No
3963-RYFNS,No
3466-RITXD,No
9365-SRSZE,Yes
7054-DMVAS,No
3569-JFODW,No
7550-WIQVA,No
8660-BUETV,No
4439-JMPMT,No
7089-RKVSZ,No
7239-HZZCX,No
9300-RENDD,Yes
7024-OHCCK,Yes
5052-PNLOS,No
5566-SOEZD,No
6582-OIVSP,No
1602-IJQQE,No
9227-YBAXE,No
1015-JPFYW,No
1862-SKORY,Yes
7576-OYWBN,Yes
3154-HMWUU,No
2667-WYLWJ,No
3068-OMWZA,Yes
6586-PSJOX,No
3605-JISKB,No
0125-LZQXK,No
3162-KKZXO,Yes
6169-PGNCD,No
6693-DJWTY,No
9667-TKTVZ,No
3948-FVVRP,No
4184-VODJZ,No
4895-TMWIR,No
6701-DHKWQ,No
7901-IIDQV,No
8148-WOCMK,No
4567-AKPIA,No
6682-VCIXC,No
2384-OVPSA,No
5202-IVJNU,No
8008-ESFLK,No
2911-UREFD,No
0254-FNMCI,No
1832-PEUTS,No
3597-YASZG,No
8234-GSZYK,No
1228-ZLNBX,No
2722-VOJQL,No
8150-QUDFX,No
7850-VWJUU,No
5201-CBWYG,No
8966-OIQHG,No
2371-JQHZZ,Yes
2961-VNFKL,No
7929-SKFGK,No
4277-BWBML,No
8748-HFWBO,No
5671-RQRLP,Yes
1932-UEDCX,Yes
8213-TAZPM,No
8050-DVOJX,No
8514-VZHEB,No
4194-FJARJ,No
5067-XJQFU,Yes
0016-QLJIS,No
1636-NTNCO,Yes
3082-VQXNH,No
9625-RZFUK,No
5155-AZQPB,No
5055-MGMGF,No
6022-KOUQO,No
7168-HDQHG,No
4132-POCZS,No
7295-JOMMD,No
3892-NXAZG,No
4077-HWUYD,No
6941-PMGEP,Yes
1977-STDKI,Yes
1834-WULEG,No
4355-HBJHH,No
2005-DWQZJ,No
5046-NUHWD,Yes
4598-ZADCK,No
6859-RKMZJ,No
2675-OTVVJ,Yes
0058-EVZWM,No
4770-UEZOX,No
0942-KOWSM,No
2200-DSAAL,No
1097-FSPVW,No
4635-EJYPD,No
0485-ZBSLN,No
0022-TCJCI,No
6134-KWTBV,No
5056-FIMPT,No
4361-BKAXE,No
5288-AHOUP,Yes
2018-QKYGT,Yes
5673-TIYIB,No
8582-KRHPJ,No
0620-DLSLK,No
5839-SUYVZ,No
7841-TZDMQ,No
1769-GRUIK,Yes
9629-NHXFW,No
3211-ILJTT,Yes
1488-PBLJN,No
8414-OOEEL,No
5419-KLXBN,No
1218-VKFPE,No
1389-WNUIB,No
7398-HPYZQ,No
4419-UJMUS,No
9237-HQITU,Yes
9069-LGEUL,No
8250-ZNGGW,No
7285-KLOTR,No
3161-ONRWK,No
1134-YWTYF,No
0164-APGRB,No
4134-BSXLX,No
6323-AYBRX,No
8375-DKEBR,Yes
9359-JANWS,No
2050-ONYDQ,No
9741-YLNTD,No
4412-YLTKF,Yes
0487-RPVUM,No
5336-UFNZP,Yes
9742-XOKTS,No
1431-AIDJQ,No
7801-KICAO,Yes
8129-GMVGI,No
0843-WTBXE,No
5014-GSOUQ,No
0771-WLCLA,No
6260-ONULR,No
8981-FJGLA,No
0562-KBDVM,No
0958-YHXGP,No
8731-WBBMB,No
2796-UUZZO,No
3621-CHYVB,No
2485-ITVKB,Yes
6738-ISCBM,No
1271-SJBGZ,Yes
4016-BJKTZ,No
0207-MDKNV,No
5982-XMDEX,No
6982-UQZLY,No
2558-BUOZZ,No
8398-TBIYD,No
6419-ZTTLE,No
4803-AXVYP,Yes
6283-GITPX,No
1568-LJSZU,No
6527-PZFPV,No
4459-BBGHE,Yes
9330-IJWIO,Yes
4289-DTDKW,Yes
0930-EHUZA,No
3221-CJMSG,No
4220-TINQT,No
4947-DSMXK,No
0675-NCDYU,No
4873-ILOLJ,Yes
8597-CTXVJ,No
6322-PJJDJ,No
6171-ZTVYB,No
9408-HRXRK,No
2144-ESWKO,No
7114-AEOZE,No
5624-RYAMH,No
8071-SBTRN,No
8388-FYNPZ,No
7083-MIOPC,No
1925-GMVBW,No
4821-WQOYN,No
3934-HXCFZ,No
7665-NKLAV,No
3453-RTHJQ,Yes
0679-IDSTG,Yes
8580-AECUZ,Yes
7873-CVMAW,No
5504-WSIUR,No
4075-WKNIU,No
6860-YRJZP,Yes
9621-OUPYD,No
3086-RUCRN,No
4654-DLAMQ,No
3525-DVKFN,No
7472-EQOAV,No
2466-NEJOJ,No
0654-PQKDW,No
8146-QQKZH,No
9928-BZVLZ,No
7208-PSIHR,No
2761-XECQW,Yes
3521-SYVOR,No
2007-QVGAW,No
8404-VLQFB,No
7216-KAOID,No
8473-VUVJN,Yes
2462-XIIJB,Yes
5995-LFTLE,No
5624-BQSSA,No
3462-BJQQA,Yes
8174-LNWMW,No
2091-GPPIQ,No
1353-GHZOS,No
1813-JLKWR,No
4373-VVHQL,No
4547-FZJWE,No
0743-HRVFF,No
0516-QREYC,No
7153-CHRBV,No
8225-BTJAU,Yes
3807-BPOMJ,No
2812-REYAT,No
4686-GEFRM,No
9667-EQRXU,Yes
8413-YNHNV,No
8548-AWOFC,No
9909-DFRJA,No
1821-BUCWY,No
7703-ZEKEF,Yes
0337-CNPZE,No
1226-UDFZR,No
2882-WDTBA,No
9137-UIYPG,No
1113-IUJYX,No
1642-HMARX,No
0947-IDHRQ,No
7502-BNYGS,No
3679-XASPY,No
4568-TTZRT,No
7353-YOWFP,No
5641-DMBFJ,No
1157-BQCUW,Yes
7191-ADRGF,No
6839-ITVZJ,No
1183-CANVH,No
1131-SUEKT,No
9169-BSVIN,No
5278-PNYOX,No
7205-BAIAD,No
0617-AQNWT,No
1930-BZLHI,No
2495-TTHBQ,No
4760-XOHVN,No
5134-IKDAY,Yes
4701-MLJPN,No
3943-KDREE,Yes
4910-AQFFX,No
4981-FLTMF,No
6807-SIWJI,No
9681-KYGYB,Yes
0613-WUXUM,No
3585-YNADK,No
5995-WWKKG,No
9470-YFUYI,No
2215-ZAFGX,Yes
5130-IEKQT,Yes
4452-ROHMO,No
6164-HAQTX,No
3982-DQLUS,Yes
9874-QLCLH,No
